Product Name,Product description,Product price
adidas OriginalsBlanc,Blanc,£85.00 
adidas OriginalsBleu,Bleu,£85.00 
adidas OriginalsRouge,Rouge,£85.00 
adidas Originals SpezialBurnden SPZL,Burnden SPZL,£100.00 
adidas Originals SpezialMARATHON 86 SPZL,MARATHON 86 SPZL,£110.00 
ReebokClub C 1985 TV,Club C 1985 TV,£75.00 
adidas OriginalsTorino,Torino,£85.00 
Merrell 1TRLx Awake NY Jungle Moc,x Awake NY Jungle Moc,£100.00 
adidas OriginalsRouge Women's,Rouge Women's,£85.00 
PuebcoSlippers Small,Slippers Small,£24.00 
PuebcoSlippers Large,Slippers Large,£24.00 
adidas OriginalsRod Laver Vintage,Rod Laver Vintage,£85.00 
adidas OriginalsHamburg,Hamburg,£80.00 
ParabootMichael Lisse Marron,Michael Lisse Marron,£325.00 
Clarks OriginalsWallabee,Wallabee,£120.00 
Clarks OriginalsWallabee Boot,Wallabee Boot,£120.00 
G.H. Bass & Co.Weejun Heritage Larson Moc Penny,Weejun Heritage Larson Moc Penny,£140.00 
Dr. Martens3 Eye Quillon Shoe,3 Eye Quillon Shoe,£159.00 
ParabootMichael Graine Ebene,Michael Graine Ebene,£320.00 
Clarks OriginalsDesert Trek,Desert Trek,£110.00 
ParabootMichael Lisse Nior,Michael Lisse Nior,£325.00 
MephistoRainbow Mamouth,Rainbow Mamouth,£205.00 
ParabootMichael Lisse Café,Michael Lisse Café,£310.00 
G.H. Bass & Co.Larkin Moc Tassel,Larkin Moc Tassel,£140.00 
